latitude,longitude,band1,band2,band3,band4,band5,band6,band7,value
-8789850.0,184950.0,0.105112590532922,0.0827156424435938,0.052755549071967,0.315519718295041,0.132640883941759,296.178606866179,0.0445861966455248,203.4
-8784900.0,174600.0,0.10484042128518,0.0857316396626029,0.053527271153753,0.271463276698665,0.0902474676105702,295.969709783945,0.0272918330229533,198.3
-8775000.0,164700.0,0.103467675776429,0.0791469090987302,0.048931916606577,0.248618544670308,0.0785933132120934,296.842689476088,0.022097663486404,203.1
-8775000.0,169650.0,0.108848644043626,0.0906645707031385,0.0557149221744304,0.338889248009665,0.128227457552471,296.123927271543,0.0397975369564589,199.1
-8775000.0,174600.0,0.0965262652154706,0.071028434952548,0.0422469849759775,0.194788431688381,0.0544675073321401,294.407491235724,0.0177120664674527,196.3
-8775000.0,194850.0,0.114750245555533,0.0944662790206187,0.0620823126104379,0.338984095897552,0.133135944398901,296.898768378837,0.0427537711173612,201.7
-8769600.0,164700.0,0.106090378751406,0.0896035456288348,0.0574818895673923,0.360817947361596,0.156995398034831,296.720243154301,0.0539509096529432,199.4
-8769600.0,174600.0,0.109988866004691,0.091012833036777,0.0594003925538267,0.342974075666014,0.155297737746884,296.470548198846,0.0549426493418361,196.3
-8769600.0,184950.0,0.112143067025521,0.0933876020068642,0.0591686981721046,0.333807899488208,0.155103240530085,296.474790621196,0.0553449232668409,196.4
-8769600.0,189900.0,0.107985263964778,0.0862567044339951,0.0645417805361752,0.27739092733384,0.137012592883158,297.81826901836,0.0521763028838423,196.7
-8769600.0,194850.0,0.103676850452263,0.0897932157536683,0.0537243514473236,0.275981826482108,0.0999387771295853,296.841302248814,0.030268153803973,198.5
-8764650.0,154800.0,0.106677275635858,0.0847610817213806,0.0541959575476979,0.27443063074038,0.130596946320049,296.488472240638,0.0457008292359939,198.2
-8764650.0,164700.0,0.111953455356386,0.0962555010173357,0.0622042039192017,0.36281231982963,0.182875768794686,296.296902706011,0.0642279992601315,198.3
-8764650.0,169650.0,0.112206714982196,0.0938956883295317,0.0622646924843757,0.350475767759695,0.151842522807552,295.354742705064,0.05157909326921,197.7
-8764650.0,174600.0,0.115334494455961,0.0962209714125831,0.0628052403404238,0.382051036724463,0.186798393076761,297.016077860123,0.0684296131029414,196.5
-8764650.0,184950.0,0.111767118831805,0.0958908735453671,0.0613994188720482,0.353215220731055,0.169330470743785,296.844469057395,0.0589342377086242,195.8
-8764650.0,189900.0,0.113602527632856,0.0942984161045827,0.0608591982544686,0.334519065595359,0.140965271467833,296.478060089206,0.0463637991369251,195.0
-8764650.0,194850.0,0.112423489035413,0.0927638716602207,0.0577448565865922,0.281938262508402,0.0893821620112774,297.000473777176,0.02645975352749,197.0
-8759700.0,154800.0,0.110307738066812,0.0967652672866601,0.0658706107005483,0.355844513857835,0.174823750269442,297.003433156533,0.0664950489643406,197.6
-8759700.0,159750.0,0.116890493418754,0.0981826845430555,0.064148010154302,0.408022468572306,0.179660274790725,296.467538125002,0.0649308994409131,197.9
-8759700.0,164700.0,0.116559910896523,0.10228294283352,0.0646049915797885,0.40290744067418,0.171379789731885,296.863540047204,0.0606372606778083,198.1
-8759700.0,169650.0,0.111380586113928,0.0922876806379284,0.0585568233871116,0.347414724911352,0.147716306803117,296.387381309359,0.0514717225637335,197.3
-8759700.0,174600.0,0.116902950833955,0.0965216966119687,0.0621962690180189,0.337285570601015,0.147133573998058,297.189784603205,0.0509709761478177,196.7
-8759700.0,184950.0,0.112079296355863,0.0937874751680956,0.0606273780594022,0.330070134314643,0.167367537813748,296.735537734882,0.0603998882592257,195.4
-8759700.0,189900.0,0.104889288818785,0.0805357925331003,0.0504145552470179,0.243059050728881,0.0682209794927335,297.380160783292,0.0184902789879852,194.7
-8759700.0,244800.0,0.107382122604066,0.0848992447452288,0.0541331135611163,0.248881481844619,0.0875218498684861,297.197404801143,0.026501898697365,197.8
-8754750.0,154800.0,0.107603179478015,0.0920486631837559,0.0598167682434242,0.35217234446305,0.16187651732448,296.027120058598,0.0598641830831905,197.3
-8754750.0,159750.0,0.10623300865918,0.0919167909396612,0.0612686506112899,0.355074633499637,0.179071661247153,296.735388436281,0.0661768848300148,197.7
-8754750.0,164700.0,0.108762810052004,0.0943344226493397,0.060178607420582,0.374214795865574,0.186365414260909,297.089139801576,0.0670416192564424,197.6
-8754750.0,169650.0,0.113267542320762,0.0961778582788548,0.0629892315300836,0.358616914836839,0.179231101853403,296.727976661451,0.0681464335992314,196.4
-8754750.0,174600.0,0.111766800961004,0.0917993418228555,0.0591139070009677,0.365566969590605,0.17144320512062,297.574577221906,0.0608875041084512,196.6
-8754750.0,184950.0,0.115891351055996,0.0985807970703202,0.0634150085979007,0.409502455050594,0.19705188273711,297.02773532552,0.0725185440661639,195.4
-8754750.0,189900.0,0.111855671179334,0.0917409498550287,0.0586244010134662,0.33272464782813,0.135782971451065,297.158311936594,0.0448596088762991,194.6
-8754750.0,194850.0,0.110887900070708,0.0912848745238226,0.0569483845109125,0.274715639115795,0.0920374014820936,296.911767638555,0.0266304403292392,196.7
-8754750.0,225000.0,0.107787648780765,0.087357852310733,0.056560392032541,0.262802604708778,0.0972409522085019,296.081517932657,0.0323289620897265,197.5
-8754750.0,249750.0,0.10938010652777,0.0871762268388525,0.0557513948449325,0.281937664387859,0.0987465164865674,296.34501452343,0.0302592000045976,196.6
-8744850.0,139950.0,0.102300133749146,0.0807115722858296,0.0519325395130444,0.261513243354463,0.124291781258718,296.002471462479,0.0437934502667681,195.0
-8744850.0,159750.0,0.107068856858458,0.0942890100290586,0.0622304937257449,0.353100878442676,0.180337319353913,296.799619793269,0.0653262027767391,196.7
-8744850.0,164700.0,0.109511355118065,0.087628365442273,0.0580264028978676,0.2847599751692,0.143307791378245,297.232482606103,0.0517936805359906,197.3
-8744850.0,169650.0,0.108230028454938,0.0857093210540614,0.0547743129664033,0.267598461822498,0.118145604686787,296.013331026465,0.0416991221862476,196.7
-8744850.0,174600.0,0.110831538559549,0.0893945765828464,0.0578879361557394,0.301991023589162,0.138921536348471,296.455558459771,0.0480080899306661,196.3
-8744850.0,184950.0,0.111307648690887,0.0962482498415528,0.0634265866183981,0.341938483129942,0.164341773624955,296.816085888164,0.0588322016694331,195.7
-8744850.0,189900.0,0.107862582322703,0.0885479018052705,0.0590830745101723,0.305441880115053,0.118627787269108,296.783227087901,0.0392997071458052,195.0
-8744850.0,219600.0,0.109541468503697,0.0890663101505606,0.0558969791491787,0.336308805371437,0.151003889167346,296.519726578488,0.0505815468841473,196.9
-8744850.0,225000.0,0.111156143306449,0.0888780275391666,0.0578014961014261,0.308781032880104,0.136622929917359,296.352549595014,0.047643682998745,194.9
-8744850.0,229950.0,0.107327500793733,0.0851654636857438,0.0532731719851817,0.308168770348157,0.121131184139562,296.229567061191,0.0384127829204543,194.0
-8744850.0,234900.0,0.108852786313,0.0877347436927984,0.0559662150403829,0.327794782617539,0.143062481085078,296.757229854569,0.0466593690388069,193.2
-8744850.0,249750.0,0.12140827668879,0.0964141748751928,0.0646875078566449,0.334471020730804,0.151114776853825,296.224077408622,0.0522362842647542,194.2
-8744850.0,254700.0,0.111488584864549,0.0934153438107835,0.0588826766485629,0.353545112792342,0.139343552049534,296.969466624704,0.041715456587961,196.0
-8744850.0,259650.0,0.10968664192258,0.0870818291817467,0.0558637850271492,0.309104153304604,0.138789274944058,297.315485742044,0.0478542920929337,198.2
-8739900.0,135000.0,0.0950899813044032,0.0759741669746417,0.049496122580336,0.244346589150267,0.137177283578,296.13666379772,0.0539337072314984,194.3
-8739900.0,139950.0,0.105442960828421,0.0848924061600056,0.0543436149832992,0.284750664920925,0.13342554219743,295.959265121339,0.0464562188094091,195.2
-8739900.0,144900.0,0.102419275403622,0.0848275446561623,0.0538456680766075,0.296555143478932,0.142589908342077,296.502117437787,0.0498073923527456,195.5
-8739900.0,154800.0,0.111522757326955,0.0988393701183271,0.0644965113983935,0.353765170954572,0.167491584559212,296.70922857649,0.0600362728453723,196.3
-8739900.0,169650.0,0.106898775127911,0.0849756231024988,0.0534022563048036,0.282925230590189,0.135556646555413,296.06556676256,0.0440524580553508,196.8
-8739900.0,184950.0,0.109610361488243,0.0855849476803778,0.055825227029973,0.284387001734883,0.123610907069456,296.105628533622,0.0413674791360578,195.7
-8739900.0,189900.0,0.111370456054823,0.0936310190774989,0.0595750160317442,0.35655764108964,0.171277037024251,296.379607374965,0.0622523149508059,195.7
-8739900.0,199800.0,0.111672919220781,0.0952984012085807,0.0649857622688571,0.32343618041287,0.16915980974486,295.969142683481,0.0652990047783178,202.7
-8739900.0,214650.0,0.105231043384171,0.0845214103243427,0.0550059332414066,0.264985737865127,0.126154466818246,296.305087587001,0.042646412521043,199.0
-8739900.0,219600.0,0.108511381871873,0.0849732160294609,0.054231718849885,0.290575756975648,0.122176995439655,296.129652546347,0.0394320434301884,196.2
-8739900.0,234900.0,0.108368003569716,0.0860673560117592,0.054279362706168,0.282736398114763,0.114844746942729,296.33762014797,0.0373654482760698,193.1
-8739900.0,249750.0,0.108364823977947,0.0847632088069969,0.0537039970012576,0.31385164338286,0.130246054076444,296.089202020775,0.0448768279147092,192.9
-8739900.0,254700.0,0.109123027783525,0.0879520184371903,0.0570182808773132,0.338835176359426,0.138165535713959,296.693411765247,0.0459430799175811,194.0
-8739900.0,259650.0,0.10800861323695,0.09126342009248,0.055309311768273,0.36572012012594,0.159770557207471,296.574723226482,0.054225656643039,195.1
-8739900.0,264600.0,0.106694341731788,0.0831934418540595,0.0578838067681013,0.261886204308311,0.129700490689741,297.747133552577,0.0453201760393632,197.9
-8734950.0,129600.0,0.0985972654801099,0.0772806023473309,0.0484212886997947,0.248673676663218,0.121950159107119,296.284865537673,0.0426101976342582,193.1
-8734950.0,154800.0,0.107176436448399,0.0929080632950797,0.0622175649382759,0.325447497287937,0.17079797721107,296.245375326767,0.0635998418902974,195.9
-8734950.0,174600.0,0.108039704246233,0.0882565385593884,0.0580096533833035,0.316721358040779,0.147792338038557,295.724092420077,0.051146963816159,196.8
-8734950.0,189900.0,0.11465433483997,0.0959247071595456,0.0626288519458273,0.355045826645093,0.178499042169962,296.279277753318,0.0653163093250856,196.7
-8734950.0,194850.0,0.108980961671225,0.0898029967680184,0.0579919997780737,0.329556773102516,0.161521626626415,296.086003931127,0.0586532110503505,197.7
-8734950.0,199800.0,0.106730123335622,0.0885177888256572,0.0579894607272495,0.247518171378167,0.0932721933575054,296.581281712245,0.0312807771240078,199.8
-8734950.0,204750.0,0.11181733777325,0.0857677550460203,0.05713925665721,0.278840574132977,0.122745024300605,296.193868526571,0.0415504808138234,199.1
-8734950.0,219600.0,0.11401038023096,0.0919858416679377,0.0623158816669193,0.307915177813078,0.129631504480469,296.467021737918,0.0414041072605631,196.8
-8734950.0,234900.0,0.111405388582403,0.0965202518014946,0.0622379662001206,0.344813917416044,0.17715243587293,297.10322002214,0.0640723693616174,194.2
-8734950.0,249750.0,0.111860526991735,0.0931277965114769,0.0598231404098612,0.34743979818487,0.153996500530185,296.420838890881,0.0544685928415741,193.7
-8734950.0,274950.0,0.108079910693152,0.0880741157389195,0.0544095631129865,0.261323437636142,0.091089514506057,296.787660554641,0.0263290063658462,198.2
-8734950.0,279900.0,0.112809755620314,0.0926952884688865,0.0618011041403828,0.281080602959364,0.0953551348304438,296.747721758793,0.0316727117557166,201.7
-8730000.0,129600.0,0.0974579454105708,0.0758243414874677,0.0485747750142975,0.239501138830651,0.116873264456428,295.290842452361,0.0420036535354652,192.5
-8730000.0,144900.0,0.106648299460897,0.0889317079371187,0.0581907309699201,0.315527062887906,0.155355516221167,296.799312292964,0.0567723172903151,194.3
-8730000.0,159750.0,0.106306877271159,0.0880188882449357,0.0575280654373106,0.295244309084218,0.14564003313075,296.295584892617,0.0528506748631906,195.1
-8730000.0,184950.0,0.110070863835651,0.0868160536897109,0.0574892529099929,0.285012039295634,0.133975557460049,296.002864768338,0.0480562165094908,197.0
-8730000.0,194850.0,0.108799745939838,0.0895540526583086,0.0573452447016266,0.337237533369116,0.160240231431077,295.877846870774,0.0551103853571252,197.9
-8730000.0,219600.0,0.106808424580983,0.083902360266384,0.0545136377681333,0.267237052119412,0.11850104093881,296.369041956337,0.0410326286805776,196.2
-8730000.0,225000.0,0.113945118401008,0.0915550050643097,0.0588253529954087,0.344015111538918,0.137318995749064,296.469070334804,0.0428188467780075,195.8
-8730000.0,249750.0,0.109018854178733,0.0881170847062995,0.0574515656522168,0.328249417692159,0.136297144068644,296.469570201159,0.045955787769325,194.2
-8730000.0,254700.0,0.110754774206252,0.0894052343396607,0.0562537560875373,0.343245584192354,0.152623647464642,296.745394549815,0.0509530396489365,194.2
-8730000.0,274950.0,0.106292048541942,0.0912146920755928,0.0559332616245268,0.257897666357185,0.079212938953722,297.549134597801,0.0229794659167954,195.9
-8724600.0,124650.0,0.104494085003817,0.0861113500835135,0.0557072293608193,0.303383754099255,0.153435236502041,295.31561070263,0.0551651519693354,191.2
-8724600.0,129600.0,0.100440313424544,0.0802513537749169,0.0518555482231237,0.269546050168204,0.133993250415551,295.500793979193,0.0482431706643982,193.1
-8724600.0,144900.0,0.100371528731292,0.0785560189173574,0.0496488716188835,0.251111231139952,0.124962847380587,296.157391230366,0.0447082902286746,193.3
-8724600.0,164700.0,0.102295315420429,0.080108200487236,0.0511941800651082,0.261613181610458,0.119610251545813,296.160128738186,0.0424980691088339,196.3
-8724600.0,194850.0,0.106525958133514,0.0863841288985892,0.0561905276448963,0.319755280018329,0.14817342270422,296.982214419213,0.0513634530232466,198.1
-8724600.0,214650.0,0.0918839809531584,0.0825565941043594,0.0571985652936448,0.259428411530514,0.144643820554688,298.17331480108,0.0525312906102893,197.2
-8724600.0,229950.0,0.105499736526073,0.0852994637593367,0.0536217654235763,0.322700954053346,0.148268687204708,296.524731431509,0.0476834405814698,194.0
-8724600.0,234900.0,0.108219806654621,0.0895191503383383,0.056342870964949,0.320553793499971,0.125280191348937,296.584707915989,0.0383833496147266,196.1
-8724600.0,249750.0,0.109250828113812,0.0956702927727298,0.0654625390007521,0.321036971821248,0.163616543118054,298.293519084111,0.0614632584958358,194.6
-8724600.0,264600.0,0.113175316647737,0.0903943868424688,0.0568887741738858,0.347697599800873,0.143262419059424,296.171422394188,0.045040602108906,193.9
-8724600.0,279900.0,0.110913448521181,0.0996928967043561,0.0594089682336341,0.31841423329719,0.0934971120643681,297.21200798186,0.0244638358017033,198.3
-8714700.0,114750.0,0.101242577851662,0.0839147025241551,0.0563450196933968,0.319138974579527,0.144906018967814,294.83538796702,0.051005603142253,194.7
-8714700.0,124650.0,0.100456049919744,0.0844506626395849,0.0544776890045125,0.304198339779665,0.148494819130114,295.671502854623,0.0528647372632541,192.2
-8714700.0,129600.0,0.0890233526412713,0.0648868336169148,0.0388942379968226,0.186055178359781,0.0759526868278618,294.764708901255,0.0280052876940385,191.6
-8714700.0,139950.0,0.0933156386002124,0.0720766971864071,0.045773916270895,0.221077501613423,0.102925196217798,295.256178459439,0.0363630759869396,192.0
-8714700.0,144900.0,0.0937748513612573,0.0768521665589174,0.0488653744387046,0.269040035296772,0.122417344025041,294.989906067444,0.0423619457777482,192.9
-8714700.0,154800.0,0.0989853199831064,0.077452179997129,0.04968696181756,0.247928384037683,0.118011764728121,295.766503033053,0.0410036579503623,193.4
-8714700.0,164700.0,0.0971431509063427,0.0760825560575464,0.0493497095661386,0.248513452761516,0.120491979555619,295.99579137046,0.0427814591754789,195.2
-8714700.0,189900.0,0.106346506046726,0.0853688586091369,0.0548371256357998,0.309521788850145,0.142423914044373,296.519228868605,0.0493394660714743,198.8
-8714700.0,199800.0,0.110988103897955,0.0948669702165506,0.0650963799880066,0.277275407628524,0.147234950312951,298.013104447587,0.0574778384174771,197.9
-8714700.0,204750.0,0.107672143772844,0.0858532573519044,0.0542843641971618,0.3056102112457,0.12730287432835,296.043209891635,0.0430131539905053,197.0
-8714700.0,234900.0,0.108957190750457,0.0870318055861273,0.0567750716927933,0.303052764756711,0.151893938263286,296.561843461095,0.0514514499316078,196.2
-8714700.0,264600.0,0.107659509033874,0.0890049132414939,0.0575320078354987,0.30675731814165,0.129120209854508,296.897823107479,0.0414631346729394,195.4
-8714700.0,279900.0,0.107147496163927,0.089777225876072,0.0553309208878091,0.253844287839986,0.0788036433907618,296.867514986271,0.0235079441130422,199.2
-8709750.0,114750.0,0.0963965476687479,0.0809936384318819,0.0542930744498059,0.301801918324543,0.148474855064253,295.168622336411,0.056264754294078,197.6
-8709750.0,124650.0,0.101452209826359,0.0876301321428242,0.0558011657758753,0.390021566557056,0.174132651121726,296.062477790218,0.0622252458452268,193.0
-8709750.0,129600.0,0.096202329797441,0.074547032409732,0.0460279363753511,0.247532778119554,0.116130461918706,295.874482693336,0.0411082311498994,192.1
-8709750.0,159750.0,0.103599062733781,0.0838018919839454,0.0544880205099527,0.278061677197891,0.127940807631087,295.02834795036,0.0447590937671164,193.8
-8709750.0,189900.0,0.106229456691683,0.087965565224708,0.05673810036312,0.326741576983556,0.150006000066624,296.223024209057,0.0525406768649889,198.9
-8709750.0,194850.0,0.105825537593803,0.0922089918214939,0.0610365057782093,0.321024114177369,0.16135603133582,296.306282506748,0.0609240693557415,198.8
-8709750.0,199800.0,0.108574358828189,0.088070001432797,0.0589516185499682,0.282156579647509,0.136772585919462,296.592666786062,0.0500235659563136,198.8
-8709750.0,204750.0,0.106345772437382,0.0882181735772753,0.0550576676098852,0.355566952967314,0.155708546886892,296.092945276927,0.0525512050926299,197.5
-8709750.0,214650.0,0.107190398800712,0.0866973408827467,0.0553109182918067,0.310169385982688,0.132154522488436,295.7244958795,0.0440716658690545,197.3
-8709750.0,229950.0,0.107452755641351,0.0858567385074465,0.0536584770387872,0.330555635056966,0.145002560414787,296.299409823501,0.0469836497280635,196.3
-8709750.0,234900.0,0.106880390798136,0.0851818550756992,0.0532042711347123,0.308810294606298,0.125509408195725,296.709567919742,0.0396383844657614,195.9
-8709750.0,254700.0,0.108525641407625,0.0856956755242122,0.0544624990214424,0.320176915230168,0.137376005682059,296.376688796048,0.0445047058051836,194.7
-8709750.0,274950.0,0.106161068597631,0.0948830056889723,0.057675728056857,0.254709040905763,0.0900333053328924,297.108914120648,0.0269591112427823,198.8
-8704800.0,104850.0,0.0975291611390503,0.0877856837465044,0.0600020052923213,0.334654409835631,0.152877777346946,296.202192861344,0.0576958729020608,211.8
-8704800.0,109800.0,0.0928607330005149,0.0732733470086273,0.0465439182966776,0.249022283739957,0.105637935106301,294.766725923932,0.0372131199812519,207.4
-8704800.0,114750.0,0.0882078939540549,0.068933158687426,0.0460982734699263,0.253905809589601,0.0938507288548671,293.0401016375,0.0338499988716236,202.0
-8704800.0,124650.0,0.0930631895262315,0.0737423917409163,0.0482697690971346,0.262427159542582,0.119911264270009,294.550490059307,0.0425694835067484,197.1
-8704800.0,129600.0,0.0916564603589096,0.0716281016075258,0.0469487841408964,0.234789738756617,0.101432216310032,293.978451372168,0.0369872654272376,195.1
-8704800.0,139950.0,0.0921850086268016,0.0723643417873011,0.0463797278206782,0.228016629897447,0.105960324764434,295.270198449771,0.03791962574518,193.3
-8704800.0,154800.0,0.100602076692747,0.0797842882063602,0.0514261896501624,0.269464151553706,0.130265841953221,295.792765965304,0.0467440468230243,193.0
-8704800.0,159750.0,0.0924616271945044,0.0713251451762078,0.0437272339018379,0.23095605930134,0.107191342635969,296.092831914479,0.0349585301238391,192.7
-8704800.0,164700.0,0.0988197626196412,0.0766152140429303,0.0499451312837847,0.23708466940095,0.115664712865556,295.217473553241,0.0420433616353402,194.3
-8704800.0,169650.0,0.0980722151929014,0.0744663925084121,0.0472564831467376,0.229612821853013,0.10321521695389,295.441372038625,0.0357058947099614,195.8
-8704800.0,174600.0,0.103032950195146,0.0814338519108929,0.0522595793336876,0.264431166474953,0.119656858499741,295.864844327911,0.040928276600301,197.5
-8704800.0,189900.0,0.0990084587304698,0.0769957840476765,0.0486676607922239,0.235970252663219,0.107439542594613,296.344456410032,0.0353877811858788,198.3
-8704800.0,194850.0,0.10419873883389,0.085642524768938,0.0547068788129923,0.341747427589792,0.150170740030162,296.12522674663,0.0510156223464805,198.7
-8704800.0,199800.0,0.10430457276705,0.0847147983170344,0.0547500866957116,0.305691992893794,0.140919877233633,296.164856077373,0.0498592511270798,198.9
-8704800.0,204750.0,0.0987317869714378,0.0779261410840363,0.0525792922466489,0.235189818483366,0.111890071251686,297.605951815261,0.0400710647170346,197.9
-8704800.0,219600.0,0.106059791271507,0.0862835771600553,0.0564709692275586,0.309809003897254,0.143591641967669,295.791744642542,0.0509203683759933,198.0
-8704800.0,225000.0,0.101619526903013,0.0813764202452319,0.0501108125718722,0.293345726569174,0.120950843065421,295.579419404161,0.0398957266020236,197.6
-8704800.0,229950.0,0.10646394269822,0.0853264277979118,0.0533733284317824,0.34030111323227,0.144326911028099,296.002533050657,0.0482659978314667,197.1
-8704800.0,244800.0,0.108428699330884,0.0866975074292679,0.0554027095880043,0.333282176444159,0.143236391974161,296.467911881333,0.0458760646630532,196.7
-8704800.0,264600.0,0.105776102089637,0.0866229271970422,0.055482980468129,0.307205096466899,0.132967914506484,296.769041587999,0.0450255731337325,196.6
-8704800.0,274950.0,0.120528447959467,0.101816476290799,0.0670771154356611,0.329792551878278,0.116747184925731,294.694722549464,0.0362119235269564,197.8
-8704800.0,279900.0,0.101849825168072,0.0852351071118789,0.0518357580477029,0.233878818861858,0.0772807621937371,297.151375992176,0.0233977536983658,200.4
-8699850.0,109800.0,0.0864420442729881,0.0732569874449669,0.048837599728079,0.294330082618854,0.12527464532937,293.69155250979,0.0472923251546638,213.6
-8699850.0,135000.0,0.092502255766546,0.0735629174718256,0.0489940426478288,0.245391665907819,0.100758920951098,293.966075741017,0.0349592550222712,199.7
-8699850.0,139950.0,0.0811214279562484,0.0675335722627229,0.0405469347029885,0.243208600324702,0.0995976784546276,294.422424006149,0.0346570727202316,196.3
-8699850.0,144900.0,0.10059493483117,0.0837469061382335,0.0539018163545637,0.317503314442141,0.142409739062609,295.600716924292,0.0490111294341822,193.2
-8699850.0,159750.0,0.0972182527211291,0.0793612642173825,0.0506923214762018,0.269708486331437,0.112829970707118,295.224943741561,0.0372724219510794,192.9
-8699850.0,184950.0,0.102050809536845,0.0801814796917684,0.0497789208189456,0.268219312720938,0.118523565980122,295.787026356882,0.0415808470852745,198.0
-8699850.0,189900.0,0.102419987194113,0.0816850635786846,0.0530651834920985,0.255930865732681,0.120090990208959,296.365045745898,0.0419567290486588,197.7
-8699850.0,194850.0,0.101935416974351,0.0849338246287479,0.0556905282188741,0.280457886146458,0.137282629611958,295.765760691279,0.0516853052677022,198.1
-8699850.0,199800.0,0.10159079825626,0.0799373153173084,0.0515863686185425,0.273094409682186,0.121861939699593,296.013247701675,0.0398880338540052,198.4
-8699850.0,219600.0,0.10491335714428,0.0865489063519018,0.0544347470503809,0.309804167934054,0.140014685981654,296.294989699958,0.0485812068954815,198.2
-8699850.0,225000.0,0.101811142582248,0.0810296914713913,0.0514219128484334,0.277107291093144,0.123978592529103,296.175262759903,0.0422981183133292,198.4
-8699850.0,234900.0,0.106606786997158,0.0871326830175268,0.0551526352417077,0.33020278219072,0.133010004497807,296.193218693452,0.0435069351530614,197.7
-8699850.0,249750.0,0.110506668949696,0.0892906643830681,0.0577646592285655,0.333343389137388,0.144403285101384,295.774962153113,0.0492870643283031,197.3
-8699850.0,294750.0,0.101036864057591,0.085355321671798,0.0520330884344973,0.233790870707042,0.0870893358072079,297.332896286218,0.0269192120489851,206.9
-8694900.0,135000.0,0.0959243663358192,0.0717730294124756,0.0459973010696733,0.220569873190531,0.0896648753687933,295.251286953448,0.0313725130957556,204.3
-8694900.0,139950.0,0.0990281591214865,0.0775002531575279,0.0498023979696346,0.255290014769285,0.109786017904407,295.371971783798,0.0397531167570874,199.9
-8694900.0,144900.0,0.0968984734307787,0.0825157579076634,0.0538017911020852,0.325086554443198,0.138863710482885,295.470687412448,0.0487477387165235,195.9
-8694900.0,174600.0,0.113172902578527,0.101720692649034,0.0677788269931735,0.367265176898645,0.171128929831608,295.942182255325,0.0615482818263086,196.3
-8694900.0,184950.0,0.106380292313841,0.0862537893644635,0.0558030289283874,0.313864326754961,0.148422966758206,295.578183914396,0.0524536938144347,197.3
-8694900.0,189900.0,0.104852157572486,0.0859861787946893,0.0563469185575107,0.300613299899479,0.136520809837508,295.647571223413,0.0481571493905511,196.8
-8694900.0,204750.0,0.0973843899147848,0.0741918626198971,0.0460449246404993,0.233442521822647,0.100798960158042,296.065251454341,0.0329448721244812,198.1
-8694900.0,214650.0,0.102498607055119,0.0791026495468669,0.0502557679803322,0.259514422226868,0.119661321803256,296.244571833008,0.0416868760978212,198.1
-8694900.0,225000.0,0.105100713497704,0.0883217416794014,0.0567981552355707,0.336431578258671,0.169836361134522,296.796839020992,0.0630959518101717,198.5
-8694900.0,229950.0,0.106371798657531,0.0912398856875914,0.0574129342016821,0.3637736446302,0.167814743595219,296.581196344778,0.0593687712231817,198.6
-8694900.0,234900.0,0.103792983977791,0.0818653991843059,0.054236243089823,0.260921899751872,0.128608760410493,296.330537892632,0.0465385029172118,198.4
-8694900.0,244800.0,0.106467800081716,0.0865210216583936,0.0564620718282324,0.312980222337535,0.152175497455231,296.399591057426,0.0563284837921786,198.8
-8694900.0,274950.0,0.107111382434582,0.0886049106077423,0.0573305433014253,0.315787734913751,0.141246612360032,296.600060823402,0.049325715986327,196.6
-8685000.0,109800.0,0.0840976657372164,0.0694201530353727,0.0479017565578244,0.289091065065743,0.134872606372055,290.374118638564,0.0573957373879743,215.8
-8685000.0,114750.0,0.0854384088865447,0.0677484747406577,0.0431102724938141,0.254855482891664,0.101263033531256,293.894705696549,0.0361894916581705,215.0
-8685000.0,139950.0,0.0920232359432224,0.0761862420085016,0.0507515422713988,0.302366682125386,0.126850232860705,294.829219120609,0.0465772407845037,210.3
-8685000.0,154800.0,0.0974801472361442,0.0762589956497461,0.0484863054711748,0.250313938103026,0.114777320835534,295.541740578858,0.0406396810929663,192.7
-8685000.0,159750.0,0.0985127963436506,0.0786469938776617,0.0482273785665375,0.283529125749199,0.137433518107136,295.776010108479,0.049312946013784,192.2
-8685000.0,184950.0,0.0991822243275287,0.08062961352314,0.0509804020334699,0.28220073269394,0.131139003421677,296.009396584163,0.0456687540045975,196.1
-8685000.0,189900.0,0.0979241064342416,0.0747250299381267,0.0469261237574955,0.215179262123477,0.102501169228959,296.277937511307,0.0357904422725204,195.6
-8685000.0,199800.0,0.0974081756239672,0.0758637111425433,0.0479483131655161,0.231071387361632,0.102733761515678,295.866744786825,0.0342373586790519,196.5
-8685000.0,214650.0,0.103241401718659,0.082856950208647,0.0519409121094449,0.287321142019708,0.134864957053862,296.657601483931,0.046000765132488,198.2
-8685000.0,225000.0,0.105065432689881,0.0837695103635504,0.0538130026793558,0.275490359686604,0.120783410964451,295.828391386699,0.0405741375235474,198.7
-8685000.0,259650.0,0.110065476787875,0.0893771196776273,0.0588777876630473,0.322753527911173,0.152163469390786,295.948182126381,0.0531451251703022,198.6
-8685000.0,264600.0,0.104359964712266,0.0870307386233746,0.0563795051863099,0.326464687954825,0.158356488606904,296.851515212686,0.0567826744034992,198.4
-8685000.0,284850.0,0.103923953519271,0.0839086118969281,0.0522143002408875,0.325934874084707,0.130264900913121,296.34085816089,0.0409121351376675,200.8
-8685000.0,289800.0,0.103947238707489,0.0816221132079513,0.0505593318749262,0.278114398004276,0.0877255481315118,296.014580109545,0.0250252231785461,205.5
-8679600.0,99900.0,0.0775118332492824,0.0653238926806512,0.0483722316443498,0.226022709524586,0.108503595411589,290.782985541697,0.0473018662814073,229.0
-8679600.0,109800.0,0.0788779955428578,0.0637640823753554,0.0429136096677104,0.250825776133665,0.108187410825894,292.389297469096,0.0397093892535573,222.0
-8679600.0,114750.0,0.0888521392967429,0.0779323439317122,0.0541314844478918,0.299510782410165,0.138833047290737,295.044825278801,0.053721995308424,219.4
-8679600.0,164700.0,0.0982825717192103,0.0774113700133323,0.0504559493516867,0.267748606894152,0.12521800625635,295.412935331989,0.0437587549926802,193.0
-8679600.0,169650.0,0.0955860071905233,0.076136983359489,0.0473501442269859,0.262534235488802,0.121079008311605,296.036308341821,0.0423063767584697,193.8
-8679600.0,174600.0,0.0951707077426969,0.0714960454891164,0.0450700720912218,0.199971413251154,0.0961982299871662,296.01793001353,0.0337116188664702,194.6
-8679600.0,184950.0,0.0953876870677097,0.0756482758457828,0.0483866232345176,0.241062384556058,0.115222134248453,296.382417567394,0.0408135605102324,194.5
-8679600.0,189900.0,0.0991648980762707,0.0787553924419796,0.0499220102962798,0.270033122079536,0.129235410478496,296.56970385739,0.0446269216514093,194.2
-8679600.0,199800.0,0.0971337095764421,0.074390343363544,0.0488113322338717,0.239540577252202,0.112697769023398,296.906854534608,0.0389431777749923,195.7
-8679600.0,219600.0,0.105290274811832,0.084898783811197,0.0553173936029914,0.273614908746831,0.128574507363088,296.319634325484,0.0456468397176122,197.7
-8679600.0,254700.0,0.102973359546387,0.0824576606369484,0.0533832892519613,0.282006903577322,0.12454272962324,295.516237703018,0.0420457539311737,199.1
-8679600.0,264600.0,0.105200821401922,0.0879675595140361,0.0540053290263732,0.348885813944822,0.153957439956848,296.171480301904,0.0527415827800783,198.5
-8679600.0,279900.0,0.10544144309358,0.0932122704813378,0.0576370528015676,0.295343232665911,0.122121133674051,296.695189773066,0.037900193166869,199.3
-8679600.0,289800.0,0.101498155551386,0.0805693280623705,0.0502702375933412,0.315963875412779,0.124849621567386,296.454182689265,0.039936106595397,204.8
-8674650.0,104850.0,0.0735510185117126,0.0642595261472915,0.050410301138539,0.209716761526924,0.113769299802269,291.197568897884,0.0531235640874785,234.5
-8674650.0,124650.0,0.0749810437586017,0.0554333371479992,0.0368243794746108,0.18370078875742,0.0760847748557367,290.371685253259,0.0308998716288451,217.6
-8674650.0,129600.0,0.0867316552085856,0.0802446250881448,0.0531239162674725,0.330762689993277,0.153089990674764,294.853555105497,0.0589408338420976,215.1
-8674650.0,135000.0,0.0842401144776436,0.0690625066549133,0.0477049623881331,0.268878704104291,0.112282765030627,293.280807660274,0.0418849348163309,221.0
-8674650.0,144900.0,0.0953231078198064,0.0805118864871165,0.0537107381786982,0.31225570212863,0.14184851795063,295.238034580636,0.0510444282777565,201.7
-8674650.0,174600.0,0.100733349665246,0.0806331132860092,0.052884908560053,0.277599807948063,0.121868175601047,296.042563191719,0.0427407159672765,193.3
-8674650.0,184950.0,0.101190104394578,0.083452824861593,0.0534805764870633,0.300438822936313,0.148686046469484,296.750037456812,0.0543537725109604,192.9
-8674650.0,189900.0,0.104362283609641,0.0834557094674247,0.0542054963864838,0.280904671276898,0.137640020366504,296.719923620869,0.0487735236989104,191.7
-8674650.0,199800.0,0.100254304752761,0.079127628906176,0.0513838288595713,0.251022266057918,0.120720095635506,296.049317046542,0.0421496684985229,194.8
-8674650.0,219600.0,0.097973346833528,0.0754302057440615,0.0487705646267726,0.231555620132832,0.100613460783792,295.089222787187,0.0353803045064599,197.1
-8674650.0,225000.0,0.0966097153552918,0.0750812110532614,0.0481145435698511,0.228596171970458,0.102382566860287,296.332367660465,0.0360363151533208,197.8
-8674650.0,229950.0,0.0986837833094938,0.0777441601424518,0.0497682149257613,0.24378611047538,0.114321013862396,296.136782602315,0.0384911453691531,197.9
-8674650.0,249750.0,0.103899651399194,0.0824390364618209,0.0543154833609378,0.257987833897531,0.116953994778146,296.383778019647,0.0391988001407229,199.2
-8674650.0,254700.0,0.104690523783213,0.0858228101466525,0.0543400246139647,0.328244897650285,0.15168026330406,296.270734681457,0.0512475581812934,199.3
-8674650.0,274950.0,0.0995206384358181,0.0769808315369127,0.0479780856274047,0.243537081763836,0.104033210207714,296.195295952879,0.0342825736771696,199.1
-8669700.0,124650.0,0.0891350649361698,0.0930885154281231,0.0706129567546415,0.367870178807361,0.225315372449502,299.765540396971,0.0957505561723945,226.5
-8669700.0,129600.0,0.0869618385199891,0.0810123481015972,0.058257518666767,0.291062284261241,0.164277338918682,296.006307995813,0.0688029687693784,221.0
-8669700.0,135000.0,0.0866160571695773,0.0716036934757757,0.0483606535300068,0.272988224703684,0.115401689727662,293.806299580876,0.0422223361982973,216.2
-8669700.0,139950.0,0.0946165903213757,0.0785032623030607,0.0524548593062684,0.300260890651697,0.129685147849563,294.066006732559,0.0476051249438917,209.0
-8669700.0,144900.0,0.0912899230345658,0.0711724508381693,0.0489185445603404,0.221645791647541,0.0958558201204434,291.945438479033,0.0367961720383211,201.9
-8669700.0,154800.0,0.0988372274811032,0.0780328024787239,0.0535931475519541,0.256904633755183,0.106891461364741,293.640714089569,0.038857498978917,200.5
-8669700.0,194850.0,0.0991808123928911,0.0784656575999832,0.0517233030314035,0.252625702205559,0.125494024768248,296.128725920913,0.0442841892378875,191.9
-8669700.0,225000.0,0.0963499140812852,0.0748238311750332,0.047247198936587,0.254994587631427,0.120887310205016,296.736698103165,0.0418361722194016,196.6
-8669700.0,244800.0,0.0971625189647433,0.0748114601690884,0.0467343018847096,0.230693857277206,0.103771324836544,296.412178536313,0.0347418848430351,198.4
-8669700.0,249750.0,0.102468769004937,0.0796438109599405,0.0502317232694043,0.260237178132935,0.109157260844774,296.143601082344,0.0329964001457611,199.0
-8669700.0,259650.0,0.102345677914117,0.0788013578000448,0.0509452364075403,0.251003944219778,0.118297512047127,296.3402592056,0.0405703439474979,199.7
-8669700.0,274950.0,0.103634390003378,0.0823881748256766,0.0527292587001966,0.273427029512103,0.119641311539551,296.153676859236,0.039591051522309,199.4
-8664750.0,94950.0,0.0820836198520239,0.0832294273605842,0.0677208508634916,0.338044405658623,0.199360067673677,297.75231381686,0.0956010912103643,234.9
-8664750.0,129600.0,0.0820250597438198,0.0740018755914535,0.0513651820851752,0.315185821594999,0.144529265375748,293.027104932282,0.056288600802115,228.5
-8664750.0,135000.0,0.0820285355375214,0.066037415501631,0.0438581309887337,0.268559249549256,0.109039640489956,293.619610455759,0.0391149174578706,218.6
-8664750.0,154800.0,0.0985129838897596,0.0857176993916743,0.0548259884514541,0.328598614449936,0.156739082516991,296.316773734293,0.0580968747791498,193.9
-8664750.0,159750.0,0.0951751686494613,0.0767381022703122,0.0488258186763359,0.263073606584825,0.123262232371173,295.493175555537,0.0442393084456421,192.1
-8664750.0,164700.0,0.089270038513905,0.0669229728504117,0.0416475105361567,0.214170883212105,0.0991662142104719,295.390355908919,0.0351788282450908,192.5
-8664750.0,169650.0,0.0911287368697862,0.0707460440526797,0.0441806223105504,0.23392592387352,0.109984186543608,295.432601613692,0.039770074289362,190.9
-8664750.0,225000.0,0.0972135976512418,0.076059321798041,0.0483264321249988,0.238832135850061,0.110961997740107,296.429964582651,0.0382873590619596,195.4
-8664750.0,229950.0,0.0989069559590812,0.0762707005683113,0.0489520332496693,0.241132093892644,0.113762423129076,296.059031852597,0.0391594913053529,196.5
-8664750.0,234900.0,0.0968849955324982,0.0745734659658336,0.0469938290508591,0.239952328802471,0.111942716786896,296.231288973014,0.0382167993254832,197.8
-8664750.0,249750.0,0.0984115551313531,0.075300505407772,0.0478839456580987,0.230871847208243,0.0989681777344527,296.16628292349,0.0322366760159358,198.8
-8654850.0,94950.0,0.0824323708562565,0.0854983744898639,0.0635575072933644,0.376087958995036,0.188731781543508,298.095114842582,0.0893218122174485,238.0
-8654850.0,99900.0,0.0855613027502876,0.0839764406212616,0.063343611052597,0.35901627602807,0.179377752990238,295.50745830437,0.0828230944615805,235.1
-8654850.0,124650.0,0.0756999990871839,0.0648042233148093,0.0469515509694718,0.233257564592547,0.108541414296929,290.606639279261,0.0443337815659016,235.6
-8654850.0,135000.0,0.0761295544533879,0.0646583123183275,0.0436332092829078,0.225883430430889,0.115009909211953,291.465797375747,0.0485543601637834,224.4
-8654850.0,164700.0,0.0960852341276073,0.0852019368143285,0.0596564285920664,0.292590031234811,0.153211655240155,296.040915506503,0.0584032267685403,195.0
-8654850.0,184950.0,0.0920480216359357,0.0733399597334057,0.0465973838901241,0.244394125213995,0.114462119166725,295.853298978152,0.0405874320852248,188.5
-8654850.0,189900.0,0.0934300669914701,0.073701587762486,0.04658461886008,0.246513544823472,0.1120785082245,296.216218231205,0.0384754294672036,188.8
-8654850.0,194850.0,0.0961196566113111,0.0745096496150436,0.0476408308877528,0.229777662261298,0.106934531766093,296.156838956809,0.0377454327001908,191.9
-8654850.0,199800.0,0.101567335187211,0.0803375475055416,0.0524493474161221,0.261945447496918,0.119542365673292,295.159015231703,0.0427611431015417,195.0
-8654850.0,219600.0,0.0991867100072759,0.0804848876646912,0.0505991793791089,0.315167026127696,0.141726659504375,296.389151459155,0.0494958469476653,195.1
-8654850.0,225000.0,0.0969383796943584,0.0763306035693662,0.0480206680621639,0.251124349632031,0.110326824369661,296.355263987387,0.0374551879940882,195.8
-8654850.0,229950.0,0.0987081930326891,0.0764888480370856,0.0486961905237679,0.231322276818367,0.102195276926349,296.319049464552,0.0348139422304872,196.4
-8654850.0,244800.0,0.095796135677329,0.0732190339748747,0.0461439617739196,0.230458505546713,0.105619080066472,296.540767730578,0.0346378032672159,197.5
-8649900.0,84600.0,0.0790648329059376,0.0738933535330157,0.0589894387258209,0.283543482153759,0.14848424298971,292.753702931859,0.0641021431526325,239.9
-8649900.0,104850.0,0.084912963935984,0.087972639772319,0.0707658427302701,0.35134275248771,0.195697373440627,295.697390741675,0.0849914000017926,236.3
-8649900.0,109800.0,0.0878518220958855,0.0842533432185556,0.0632292262258897,0.384035273316748,0.171969550146258,294.407560865888,0.073634558492379,238.0
-8649900.0,135000.0,0.0875541488200463,0.0840172320440156,0.0655191119694965,0.31962536441065,0.190032817301599,294.126092580286,0.0859745339744811,224.4
-8649900.0,144900.0,0.0888008276038569,0.0761841252001588,0.0539668260516786,0.306814840680882,0.149359611800719,294.597411114642,0.0597092164389961,211.6
-8649900.0,159750.0,0.0879732769865306,0.0686103465969206,0.0466455931978383,0.246474163319338,0.0993989940574943,293.592187242584,0.0354277278702455,202.7
-8649900.0,189900.0,0.10308034059905,0.0844295622379338,0.0569869093428525,0.308368524223095,0.133716520114624,295.095748562816,0.0500620297604146,189.7
-8649900.0,204750.0,0.100928829891298,0.0813453892559452,0.0515696975625928,0.328147022661353,0.14658136443816,296.266058279632,0.0499825439683431,197.5
-8649900.0,225000.0,0.0901741830341748,0.0703024477014473,0.0434176819298109,0.242185683045202,0.10563777824641,296.577045114826,0.0356416403377002,194.1
-8649900.0,229950.0,0.0879325219731576,0.0676603853991211,0.0427882570174849,0.208323700680646,0.0962864263994352,296.251754636014,0.0358399263556565,195.0
-8649900.0,244800.0,0.0953134096196202,0.0766630257251174,0.0476827971347974,0.262945002494613,0.124620857854775,296.213094067759,0.0439418860285337,196.9
-8644950.0,79650.0,0.0703183123803263,0.0589564327085237,0.0412682171860826,0.241193619144659,0.104153744089278,287.647930042014,0.0412544849017103,243.4
-8644950.0,94950.0,0.0829557342762613,0.0840397160080808,0.0628444830545122,0.336142537752553,0.174565453279922,298.180621673255,0.076869548113496,241.2
-8644950.0,99900.0,0.0811508996537969,0.0801096376059706,0.0567956449261023,0.363566225951898,0.158829680738833,295.273532339258,0.0705956078170578,242.1
-8644950.0,104850.0,0.0826971496265894,0.0833800140328688,0.0612351278713041,0.346378822758945,0.163659120993136,294.020437834485,0.073681515513346,240.6
-8644950.0,114750.0,0.0867621374163146,0.0821591205323674,0.0630449707898813,0.334600183535733,0.167735894522234,295.923286769974,0.0728821963568252,238.0
-8644950.0,129600.0,0.0830149152212318,0.0787455596721498,0.058303767487472,0.311225246078718,0.160563293861597,295.502103732331,0.0682150027362795,237.4
-8644950.0,135000.0,0.0795377383375298,0.0651983510492897,0.0428837062140045,0.239210936168405,0.10170274931245,293.297839219554,0.0395209039285016,235.8
-8644950.0,159750.0,0.084212265991095,0.0705217452107387,0.0451280861724874,0.2654952697915,0.115469152988282,293.62487962076,0.0454007987623272,212.0
-8644950.0,164700.0,0.0764572175634639,0.05406484442442,0.0335329552110219,0.15987011592913,0.0664685594845116,292.429842754632,0.0254385401629979,210.8
-8644950.0,169650.0,0.0836448872559065,0.0674822258896497,0.0450966508325203,0.239168702514957,0.109350091097146,293.820817742963,0.0420156462505028,214.0
-8644950.0,184950.0,0.0942630010312279,0.0811477348569423,0.054209094682612,0.298207413313937,0.143479812391837,295.075053914387,0.0564306205312477,201.4
-8644950.0,189900.0,0.0934298608241808,0.0810238994868624,0.0554835740173798,0.351275902990184,0.156813117968562,295.133199540771,0.0592592128586414,196.6
-8644950.0,194850.0,0.0961091988064094,0.084999196281563,0.0551984985328875,0.361339740291767,0.164714422444775,294.686839546477,0.0599930337899612,195.3
-8644950.0,199800.0,0.101691646630104,0.0893578175409549,0.0566956253986538,0.342979425146357,0.167359831075719,296.32722365739,0.0618622558314358,198.2
-8644950.0,214650.0,0.0992723019144657,0.0837593130424231,0.0570044432078254,0.336171230599695,0.174546669544738,297.141501734723,0.0639963677603021,199.5
-8644950.0,234900.0,0.0955526257307144,0.0746927551032916,0.0484147514463502,0.242753534426357,0.109917310427149,295.545149222327,0.039201705798052,194.6
-8644950.0,244800.0,0.0961479800249607,0.0752965343571434,0.0475319973823673,0.251394700724797,0.117585981359873,296.303668748997,0.0393918798424319,195.0
-8640000.0,84600.0,0.0855084204678834,0.0842515574273242,0.0636401751809783,0.349060587945738,0.168487177739386,294.34015406673,0.0782980301259097,240.7
-8640000.0,99900.0,0.0869312358414143,0.0891849404890068,0.0661014034700612,0.391426805281918,0.190862192953492,296.053305723699,0.0860986745183154,236.7
-8640000.0,104850.0,0.0812337510427767,0.0815742246437773,0.0615093550901485,0.350487524866462,0.163349197746972,293.328161802839,0.0733564040607443,240.2
-8640000.0,109800.0,0.0655733160273135,0.0528098100240126,0.0382518121849603,0.197612485727203,0.0900737457836414,289.638553882994,0.0379234274317129,243.1
-8640000.0,114750.0,0.0814733455119633,0.0792958839035527,0.0567716910472324,0.340524162106481,0.154169098971294,294.667827691807,0.0668566694528821,240.1
-8640000.0,124650.0,0.0778266260906277,0.0780047531659959,0.0600763842527854,0.35732325058401,0.189267675160987,295.534292942687,0.0837601277858435,246.8
-8640000.0,129600.0,0.0816900026781312,0.0791100917857007,0.0611325607294764,0.328982106878931,0.180790095676093,294.784752673044,0.0799299656756762,242.5
-8640000.0,135000.0,0.0876112959586146,0.0887619267202341,0.0661396382381363,0.367701270828378,0.199157803475769,298.108568796243,0.086952003662875,235.1
-8640000.0,144900.0,0.0875421234197611,0.0801366667382331,0.0562929732103286,0.286498040855066,0.138712532078497,296.641913676179,0.0565285360842363,232.6
-8640000.0,154800.0,0.0895485776308379,0.085125989928533,0.064293244896656,0.321799331007023,0.177398795635187,298.091276653579,0.0777121989399258,234.8
-8640000.0,164700.0,0.0782501046961073,0.0653862752860899,0.0450778490709578,0.229273365888613,0.10902576165875,289.85120886869,0.0457546980983024,227.8
-8640000.0,174600.0,0.0801986336198112,0.0666419935830458,0.0454729563807856,0.241813657869141,0.107603516289693,291.575053284192,0.0436824855759563,225.1
-8640000.0,189900.0,0.0902916888862485,0.0757361002210424,0.0513458419041225,0.336166859491277,0.14416398373023,294.937718367064,0.0536687199850347,203.2
-8640000.0,194850.0,0.104617826992087,0.0967947485372303,0.0662794797158806,0.357940556920759,0.204498313910807,298.459438342147,0.0796547282777278,201.3
-8640000.0,199800.0,0.101731764894938,0.0884646116431825,0.0607216264104,0.353765754503869,0.188947606715062,297.777720382201,0.0723808836859975,200.8
-8640000.0,214650.0,0.0969393443708211,0.0802400060528725,0.0536367848802311,0.297496361226856,0.138701783425073,295.912003406547,0.0499719740715908,199.0
-8640000.0,219600.0,0.103004143250707,0.0838626688278915,0.056609816503337,0.314927268168144,0.138054804705719,295.595383095629,0.0481807614088518,199.8
-8634600.0,74700.0,0.085505529431282,0.0874430805987981,0.0660221364871368,0.340188831751109,0.176182583827383,296.028092988712,0.0751529865051202,232.1
-8634600.0,94950.0,0.0883840501469539,0.0883908998586356,0.0674907225385703,0.316511556970735,0.171475875886644,296.661814712414,0.0782323813477868,233.3
-8634600.0,99900.0,0.0883489374610233,0.0849716601184244,0.0651067020286149,0.314773135172251,0.165577303921978,295.476225770738,0.0737170749056618,232.0
-8634600.0,109800.0,0.0775551139421731,0.073324821495096,0.0554500875875881,0.298969449603593,0.149162828029987,292.764591168544,0.0661806664774184,247.3
-8634600.0,114750.0,0.087290094991157,0.0859201746517592,0.0631844495978145,0.3671764822532,0.168162273680899,294.796568700748,0.0714925690692602,242.5
-8634600.0,124650.0,0.0887097965938877,0.0934640044005699,0.071963611199616,0.367351758480441,0.208712025738613,297.732998963458,0.0949295191653335,243.7
-8634600.0,139950.0,0.0922729093487922,0.0938188691434355,0.0769506951227604,0.34186118081235,0.231228993066675,299.75342200683,0.106806071311495,237.4
-8634600.0,144900.0,0.080273591187451,0.0685561935430834,0.0470956444916687,0.253690079001008,0.124899417815846,294.442414324612,0.048852527141687,231.6
-8634600.0,159750.0,0.0939361756150798,0.0878447474178533,0.0622261006425308,0.338859734264627,0.188111609099974,297.687672442183,0.0745805149196496,231.7
-8634600.0,174600.0,0.0764534409412285,0.0629835014854303,0.0482664630140085,0.220313034083452,0.102086096200566,291.147705574382,0.0478344291264919,230.9
-8634600.0,184950.0,0.0824724233293415,0.068347439413793,0.0446378009450558,0.216828275560739,0.110225570209126,294.955133095402,0.0423151566376379,222.9
-8634600.0,194850.0,0.101862370214945,0.0947530913163414,0.0629780143353637,0.384493623557232,0.197705532965773,298.265226686601,0.0728553715247495,204.3
-8634600.0,219600.0,0.094975453699371,0.0729141676169138,0.0466696929459753,0.256843396545719,0.107783834910814,295.607242728384,0.0355350983994953,199.4
-8634600.0,225000.0,0.0956129958898563,0.0775656641696714,0.0482866709923958,0.303111593750727,0.127708486938496,296.098676833948,0.0437559756309177,205.7
-8634600.0,244800.0,0.0809427782032764,0.0627329109010229,0.0390309259265746,0.216934466221121,0.0888071629411237,293.25561613787,0.0323431814583711,200.1
-8624700.0,64800.0,0.0838350017527178,0.0688998699136934,0.044741650791877,0.257509739898049,0.110969322109943,292.843551570593,0.0400790211506562,223.5
-8624700.0,79650.0,0.0835548978906255,0.074043372942781,0.0525502628666794,0.308350802919836,0.126947656157944,292.881194639985,0.0493102737417904,229.4
-8624700.0,94950.0,0.0858804518654502,0.0843300785151959,0.0650468989990145,0.309694296088224,0.164709606860763,292.898138451975,0.0734409870137949,232.3
-8624700.0,99900.0,0.08125019508586,0.0703441938666041,0.0510617870687452,0.300744260402237,0.116457300047739,291.797610969803,0.0466744877719096,231.7
-8624700.0,104850.0,0.0881637418660505,0.0842265718065934,0.0608027766668201,0.347324969992644,0.16413848716859,298.103574133594,0.0714627855418501,241.6
-8624700.0,114750.0,0.0884062136467781,0.090740584120592,0.0642148803041131,0.293736559112118,0.187143953258974,301.110187352316,0.088986346147543,240.6
-8624700.0,124650.0,0.0829605928335389,0.0805671252269736,0.0589717515901692,0.251688182987625,0.158576766769558,299.12815956651,0.0726313867720951,239.2
-8624700.0,129600.0,0.0879465217374702,0.0766534844449902,0.0544214044253996,0.248206614248141,0.138998700745287,297.731566656954,0.0614588609157849,229.2
-8624700.0,135000.0,0.0867407439348242,0.0764290808614012,0.0529156147018407,0.261393708646025,0.132749854753513,297.109538891123,0.0564000696035379,224.1
-8624700.0,144900.0,0.0855081491077004,0.0720190810659326,0.0495047601723693,0.246127252711379,0.106632584358512,295.57333448227,0.0429378487608887,225.8
-8624700.0,154800.0,0.0875239017033188,0.0784849527594424,0.0521301399929976,0.248042237040179,0.141113613491004,296.68810139418,0.0576069836271888,228.0
-8624700.0,164700.0,0.0926002608099703,0.0830377607473245,0.054868568457867,0.248488360393041,0.139600022877839,296.416430682192,0.0581152187179829,227.3
-8624700.0,174600.0,0.0963340178020882,0.0874281800158471,0.063239576919902,0.283569162526878,0.173124001125817,296.911631109662,0.0687896989281563,223.4
-8624700.0,189900.0,0.0902629410524422,0.086214333870076,0.0573706404350143,0.38910141912978,0.201924647631507,297.805374577634,0.0808305936881356,208.0
-8624700.0,225000.0,0.0935704732453737,0.0720738387654329,0.046711159519233,0.256084252090969,0.110737690059998,295.772111414488,0.0372160579273302,208.9
-8624700.0,234900.0,0.0868405368619808,0.0665312559295698,0.0425307324171761,0.216871926290745,0.087729503191964,295.080507875562,0.0296818553749594,214.0
-8619750.0,45000.0,0.0769993028345267,0.0642893932726956,0.0418880353439405,0.281982815795614,0.1178199163895,294.145107719733,0.0436525107512014,216.4
-8619750.0,69750.0,0.0816015006118997,0.0716601009584999,0.0494919083973612,0.303011560671722,0.123717726946967,292.115394106916,0.0485159147552505,223.9
-8619750.0,74700.0,0.0661872023548798,0.0483743131609966,0.031073458773134,0.167232349949009,0.0662671550277311,288.712638696111,0.0267031046118529,221.9
-8619750.0,99900.0,0.0741411478306588,0.0569987557410374,0.0395022142283037,0.205028947741208,0.0613593422137056,288.680777915141,0.025420123353352,234.7
-8619750.0,104850.0,0.0802329312977257,0.0695008581653131,0.0487072035698983,0.299625944138562,0.110364475924305,291.056441821475,0.0434163054657184,233.3
-8619750.0,109800.0,0.0904912927437557,0.0886481790231883,0.0659138713960995,0.291792832736138,0.181683190259233,296.609656634986,0.081134670930194,227.0
-8619750.0,114750.0,0.0885359702723818,0.0858325823359599,0.0651831598447271,0.287094733210155,0.16369032145458,295.344361619745,0.0730629449550265,228.7
-8619750.0,124650.0,0.0882081168357237,0.0849807873909598,0.0612626460197278,0.297870205121101,0.162854364674521,295.342859193996,0.0711926767043427,225.4
-8619750.0,129600.0,0.0817322380484965,0.0715777807387273,0.0495697590290425,0.281573177722738,0.125699829256541,293.476456814926,0.0504136681640275,222.3
-8619750.0,135000.0,0.0832273416914738,0.0722199787820797,0.0507608671930335,0.288480171698181,0.140841041707234,296.452505573067,0.0601478165544241,224.5
-8619750.0,139950.0,0.0837796234048225,0.0844234813344753,0.0615051162066765,0.321080020388709,0.170472633310617,296.542858785114,0.0724126454520749,222.9
-8619750.0,154800.0,0.0855187812661265,0.0739232722113625,0.0506439722676367,0.230744203144648,0.124187334986739,295.100870159673,0.0527812029518563,222.5
-8619750.0,169650.0,0.0999382408866757,0.0924751344500908,0.0652351995901102,0.30590112791085,0.173197519565978,297.796171901934,0.0765496543634803,220.8
-8619750.0,184950.0,0.0876167815038206,0.0815948239797339,0.0604150058385869,0.305345700934482,0.182329550243657,297.577934003548,0.077505107492097,212.7
-8619750.0,189900.0,0.0884686377690575,0.0842538619404749,0.0607495221255689,0.3474327272199,0.194126897750577,296.893039835151,0.0800503072298793,206.7
-8619750.0,199800.0,0.0809131653128078,0.0641444406624664,0.0420835766690177,0.242288060025851,0.105353168398912,294.821169212299,0.0388992662506867,201.5
-8619750.0,219600.0,0.0769882361457107,0.0577899533598103,0.0370074125658152,0.203559547586402,0.0798150064930314,294.718377925835,0.0282380113170914,204.3
-8619750.0,234900.0,0.0845013799674523,0.0650738959836981,0.0420924864439223,0.225113699498973,0.0936706223331972,294.820758971349,0.0323593960000323,216.1
-8614800.0,49950.0,0.0854921467141275,0.0714508079527291,0.0466484511784156,0.267163043647719,0.108141850325942,293.83642705751,0.0398376437469624,206.9
-8614800.0,54900.0,0.0853897542017659,0.0735239581856212,0.047591011970992,0.306693352256048,0.114001872249796,293.597939808621,0.0395747167970227,219.8
-8614800.0,74700.0,0.079540348401806,0.0622350583458001,0.0438532160053679,0.239757907838584,0.094186491533995,289.816105216309,0.0367495278114723,228.0
-8614800.0,79650.0,0.0726759934334656,0.0555299914105878,0.0356182453036332,0.182300381591171,0.0758723496103619,291.229520825551,0.0296050491007818,224.0
-8614800.0,84600.0,0.0865682246481237,0.0751584810880716,0.0522932378156529,0.322293620085139,0.136098483339908,292.699815529544,0.0515842713015133,229.3
-8614800.0,94950.0,0.0714800290131339,0.0549287116641193,0.0400976493651707,0.198000284789485,0.0786409606915375,289.189116403793,0.0330083793133003,233.5
-8614800.0,109800.0,0.0711254113736411,0.0546172573281866,0.0383869201427142,0.208901109571382,0.0619998569247037,288.899069259428,0.0267481929398021,227.9
-8614800.0,114750.0,0.0877058918988937,0.0920407273400172,0.0670333916376563,0.377935121585883,0.183118337779619,295.414120073445,0.075908553011287,225.7
-8614800.0,124650.0,0.0858885155157648,0.0859619760019069,0.0651730746510453,0.341167230818169,0.1724221738617,296.836534713113,0.075596061325825,237.1
-8614800.0,129600.0,0.0758172995286339,0.0673647572922885,0.0455698420902378,0.317804318259437,0.124521660765918,288.698594532866,0.0488441961489735,237.9
-8614800.0,139950.0,0.080547933911221,0.0762740587119624,0.0594760597291486,0.262714251056299,0.162379608102171,294.914795379424,0.0776226984050189,229.6
-8614800.0,144900.0,0.0831062674028865,0.074613625611492,0.0571062888075343,0.258758315325106,0.149383662623892,295.251591684546,0.0654873649469708,234.8
-8614800.0,159750.0,0.0841142739914165,0.0766128681730618,0.0563686775891475,0.268934807574807,0.149561380430603,296.373498649752,0.0639649568811794,236.0
-8614800.0,174600.0,0.0958080834440153,0.0850879543536752,0.054791037215433,0.265315816137534,0.150170962268896,298.078279373063,0.061255640417704,229.6
-8614800.0,194850.0,0.0993283824443056,0.0958183406282307,0.0743059542893362,0.34198435265066,0.198471718286519,299.524662331324,0.0906201828036313,215.6
-8614800.0,199800.0,0.0835952613566903,0.0685112982286246,0.0458928991734966,0.26463622944301,0.115150942148572,294.333074465768,0.0431639877090265,209.0
-8609850.0,129600.0,0.0830613872795117,0.0792805789608862,0.0607696848064301,0.348506598763695,0.198063269875897,296.307001809436,0.095456796393837,241.1
-8609850.0,135000.0,0.0726178184708556,0.06097084250766,0.0439123691548078,0.205655510784568,0.0988289796124878,289.26513305432,0.0462694772483505,244.1
-8609850.0,139950.0,0.0909330796579664,0.0923854807321928,0.0720241452619133,0.329243130383479,0.184253736158026,296.880187452252,0.0800134999869147,235.5
-8609850.0,144900.0,0.0862078756595109,0.0801864983583498,0.0568689487924112,0.303275776737541,0.168088280167759,296.575857171552,0.0714474208138621,234.1
-8609850.0,154800.0,0.0886892639584396,0.0853551776177714,0.0641380260091571,0.313365700495243,0.191301838142362,297.968888613938,0.0827943653367529,237.9
-8609850.0,169650.0,0.0998375507553721,0.0987501430291691,0.0721435583128697,0.331130714519337,0.219666926659053,302.222216239513,0.0985060444526602,236.5
-8609850.0,174600.0,0.0926788607995292,0.0871403954105937,0.0621327069912777,0.27678396025523,0.180436994321974,297.802991246229,0.0796607017524738,230.1
-8609850.0,184950.0,0.100324902554299,0.0899098394893858,0.0596096071574176,0.296590985048604,0.170474171176119,299.292726141879,0.0710158039244677,228.4
-8604900.0,49950.0,0.0931844630178455,0.0754405773445991,0.0487522453170514,0.29399401554487,0.130946447915521,296.074130289082,0.0465933464717912,196.6
-8604900.0,79650.0,0.0756616219375941,0.0595071538819439,0.038571016905646,0.202785294183696,0.0813879689137704,290.362481211095,0.0317757324921418,212.4
-8604900.0,84600.0,0.0833160304320251,0.0663309264654144,0.0436329461509724,0.244947716468711,0.10342455424144,292.121928995816,0.0389100325099297,206.2
-8604900.0,114750.0,0.0824687091763598,0.0808744970869095,0.0667637058585164,0.326688355610116,0.17785475032824,294.784095068882,0.0830575911310986,239.7
-8604900.0,124650.0,0.0833590275030358,0.0806331264486639,0.0581129835244002,0.356548138988047,0.173864682765354,293.906796665956,0.0761370938124699,236.8
-8604900.0,144900.0,0.0875429082753782,0.0845215793783295,0.06049501209793,0.312989132550211,0.15388329884789,293.591185050744,0.0646888295753167,229.2
-8604900.0,169650.0,0.0933414983921853,0.0837247149107236,0.059792284796712,0.272301862684404,0.158304218738887,299.395350496335,0.065574467279829,234.5
-8604900.0,214650.0,0.0923730643922963,0.0864034922681722,0.0669187500341644,0.289120544827345,0.198425335656503,299.403714188956,0.0836638792730268,231.9
-8604900.0,219600.0,0.0878452140193915,0.0826775522416418,0.0604098691483309,0.33536456793323,0.18402343361499,298.232485489357,0.0765392438902235,237.2
-8604900.0,225000.0,0.0870515677962033,0.0759408517358164,0.0540458149699214,0.290081142967082,0.145446657318537,298.062299944192,0.0572541698431179,239.3
-8604900.0,234900.0,0.0763184753465319,0.0654746187189646,0.0479304939252481,0.276544481206398,0.122802758861462,292.178714114704,0.0489216656787481,244.5
-8595000.0,54900.0,0.0894039706962204,0.0710448349943355,0.0444396559939676,0.263543030180573,0.115979402914291,297.079450462853,0.0400487984727991,193.1
-8595000.0,64800.0,0.0831499713144025,0.0626125967814316,0.0380483612740028,0.196114857779715,0.0809789706656874,294.996923638376,0.0295273019422068,198.6
-8595000.0,84600.0,0.0825669257487932,0.0696763587383264,0.0464373410509751,0.2578628404194,0.10514679492148,291.6917518265,0.0397824106663782,214.7
-8595000.0,109800.0,0.0781038366612496,0.0649138216841968,0.044128081668666,0.266886119701861,0.0989599344929865,291.301093227081,0.0372668165147559,239.3
-8595000.0,114750.0,0.0728073496792509,0.0577969395130089,0.0411839433259716,0.228781944142037,0.0768107905427077,289.817576174365,0.0309238429862024,236.7
-8595000.0,169650.0,0.081564583172669,0.0707719350466663,0.049134911887117,0.258459135247016,0.130094194564983,293.502834945771,0.0508745735313866,229.4
-8595000.0,174600.0,0.0838570444129072,0.0719490608857331,0.0514505842579746,0.226283217584838,0.115239335939864,294.416955033389,0.0503886554762686,224.9
-8589600.0,49950.0,0.0968806983258058,0.0811210385082852,0.0514274636183056,0.33528502044252,0.147709854639251,296.881194839294,0.0508205843965167,192.6
-8589600.0,69750.0,0.0948745385829356,0.0802024469047821,0.0509060867103954,0.341614136469208,0.15190865982931,296.068944802683,0.054309809790647,199.3
-8589600.0,99900.0,0.0746700378215239,0.0593275482587258,0.0410308807032454,0.219362367792632,0.08372173349182,290.820382094363,0.0328438963833918,235.0
-8589600.0,114750.0,0.0762545936019205,0.0619732294579086,0.0419231962499282,0.234217997702951,0.091330536286911,290.805852804524,0.0332985014575784,229.3
-8589600.0,129600.0,0.0852233155127972,0.0846963425093512,0.0669534023628586,0.313448316044918,0.18847778123108,296.020802551189,0.0820909975867965,232.3
-8589600.0,135000.0,0.0749538068314809,0.062178596699549,0.0461216416038892,0.224101658176244,0.085800999132879,289.751656194741,0.0380913465232871,235.8
-8589600.0,144900.0,0.0759239235244864,0.0667945444152142,0.0465020531885295,0.235638319461451,0.101444243180492,291.89984512331,0.0398744626457909,241.7
-8589600.0,154800.0,0.0854440005563694,0.0725274524150977,0.0492605348310187,0.263657140042853,0.121611273164905,296.290501855636,0.0488367196429611,239.9
-8589600.0,159750.0,0.0783178995980254,0.0694431006885475,0.0497970852218197,0.208435812576821,0.130575185292734,298.039570990483,0.0566524106411487,232.8
-8589600.0,164700.0,0.0964335313809419,0.0977826717640348,0.0785891646003744,0.342084975750036,0.262650167921568,301.725737176607,0.11792623003068,242.1
-8589600.0,169650.0,0.0880609738876375,0.0839647567026079,0.0660870495631385,0.325683526869677,0.194231973074612,297.000643515739,0.0901726925392172,234.7
-8584650.0,45000.0,0.091070570743317,0.0766881526342017,0.0482400350172559,0.318870191741206,0.150014025775314,297.417982260763,0.0537507778155058,195.9
-8584650.0,74700.0,0.0945232236296396,0.078728002514346,0.051050297639616,0.326405188285326,0.143019764192474,295.774814937183,0.0525010566332368,196.6
-8584650.0,79650.0,0.0967166747822784,0.0802041937807833,0.0517079047464107,0.296353568278748,0.135057510296524,295.861001787766,0.0498195051982903,199.9
-8584650.0,94950.0,0.0834683976705955,0.0667461236441017,0.0499106596424344,0.246796902594389,0.0997085887522646,289.576219816712,0.0379042714017582,212.0
-8584650.0,109800.0,0.0741953402041281,0.0578597010764863,0.0388100248551809,0.210637331238249,0.0828914706487585,290.145017649354,0.0308680270366992,228.5
-8584650.0,124650.0,0.0832141563077589,0.0717760644206662,0.0529580830370271,0.277360348662666,0.12569150753856,290.731827541006,0.0511152218998569,224.6
-8584650.0,129600.0,0.0716132428149459,0.0584661732514103,0.041959126677667,0.208389726842575,0.0888775078921323,290.073629499113,0.0373494256786146,232.7
-8584650.0,139950.0,0.0782359340902356,0.0635943402070892,0.0467865147330945,0.244359360012425,0.095127809465304,288.549716246343,0.0380554602599083,239.0
-8584650.0,154800.0,0.0831259183348136,0.0754927295399472,0.0543871978210543,0.249750243543457,0.132872531881631,294.773067912693,0.0547462358847981,234.4
-8584650.0,159750.0,0.0936655694693096,0.0851547582844985,0.0651548273389321,0.31189309654861,0.176749375422605,299.574334703713,0.0794171058325777,230.5
-8584650.0,164700.0,0.0927035369465348,0.0836472259853114,0.0625332414877992,0.293076407032099,0.148945122854546,296.189575746719,0.0634018138485023,238.1
-8584650.0,169650.0,0.0872978201507518,0.082111698660897,0.0628194203209955,0.30982928317955,0.154720730143051,296.036943849438,0.0672682543814783,233.7
-8584650.0,174600.0,0.0924015064068427,0.0857058786675199,0.062743731587732,0.332163830690834,0.177132849083868,296.402070447138,0.0749688757956989,225.4
-8579700.0,139950.0,0.0715996413843366,0.0577935553857271,0.0399232776543367,0.223351240747932,0.0910241405692756,289.044139023161,0.0361316693767477,237.4
-8579700.0,154800.0,0.0984035222322802,0.0947083898414362,0.07446017743037,0.306152675946479,0.214349847197224,298.955329937714,0.0994110495649836,236.0
-8579700.0,159750.0,0.0881615984377757,0.0759603197758082,0.0527186308029495,0.270431585532543,0.129775877659967,296.188961155357,0.0530955773340237,230.6
-8579700.0,169650.0,0.0921911003966722,0.0880917844033345,0.0694611797317033,0.333541940601383,0.204912243976076,299.185755687561,0.0928696023453893,234.4
-8579700.0,174600.0,0.0827974257514589,0.0767922626165651,0.0548036201294363,0.310846365301567,0.161304928531553,295.189359061671,0.0653735035301025,225.7
-8579700.0,184950.0,0.0966871848808725,0.0866347929134661,0.0650234240774658,0.335677473011814,0.167783317026268,297.991671260561,0.0745642731734444,226.1
-8574750.0,154800.0,0.0889713776487869,0.0813987147889057,0.0595504114834031,0.2680250165351,0.136610867154895,296.34444383362,0.0612324548835997,232.8
-8574750.0,159750.0,0.0824483223048484,0.0723497099037668,0.0514389870922516,0.275608629402155,0.133656286690081,292.232837134872,0.0543239578384072,229.3
-8574750.0,164700.0,0.0931622774235059,0.0928742149993422,0.070804590328894,0.325891442924076,0.187673559384952,297.181569679276,0.082227071775501,232.4
-8574750.0,169650.0,0.0820012103943967,0.0690926859914719,0.0476797996623199,0.246189836794295,0.111631541901095,292.674855102979,0.0455005631415676,235.0
-8574750.0,174600.0,0.0862967848125418,0.0829055741451466,0.0645517863531655,0.310275701653764,0.177282815311583,296.943337660958,0.0805892594059765,233.5
-8574750.0,184950.0,0.0924515166998172,0.0840813214862898,0.0623516394310573,0.312193870800728,0.162708924200074,298.185098295186,0.0721692601945008,229.3
-8574750.0,189900.0,0.0857425816558068,0.0791806856066374,0.0563809418267038,0.322903973591359,0.16729551650945,296.056087793346,0.0698323149909877,230.2
-8564850.0,144900.0,0.0712336597907389,0.055439399671963,0.0390037139403561,0.216874992569566,0.078842000448728,288.454940661261,0.0321091465198476,233.4
-8564850.0,164700.0,0.0790275427360758,0.0669014495141727,0.0513167907320035,0.24897169602968,0.107321324589183,289.430438942442,0.0433163405444022,232.9
-8564850.0,174600.0,0.0937195996963157,0.0948528042732684,0.0720696518535114,0.352097564030897,0.179756488099157,297.333980449553,0.0885425551196992,233.9
-8559900.0,144900.0,0.0683497259534458,0.0512929793731636,0.0363046998625173,0.177465373660237,0.0743654332636036,287.305578680065,0.032146898318984,234.6
-8559900.0,154800.0,0.078924579988606,0.066238510121065,0.0472671791577071,0.270655729947481,0.109293131913086,289.724061813022,0.044993479034487,237.5
-8559900.0,169650.0,0.0632353550551252,0.047406927923657,0.031351989237166,0.156129994982684,0.0615698585643067,286.148731219607,0.0254171466792876,236.1
-8559900.0,174600.0,0.0780751328543538,0.0633931040053615,0.0428691041162259,0.230623888783746,0.0898189934519592,290.305317963008,0.0356031839205854,234.4
-8554950.0,154800.0,0.0888544030638608,0.0742304059033062,0.0496337003853737,0.296663197941557,0.132079405901215,293.226199316278,0.0483792498656182,221.4
-8554950.0,169650.0,0.0774767312171647,0.0691319973305487,0.050686288912499,0.301494570639544,0.129975127415215,290.123712054675,0.0509140651983374,237.6
